{
  "devices": [
    {
      "installationId": "d556492a-cea6-4d2d-9012-d4d9db7d5c6d",
      "lastUsed": 1765009857677
    },
    {
      "installationId": "98a01646-5e1b-4548-8d5a-981c8559e63f",
      "lastUsed": 1765009185449
    },
    {
      "installationId": "138eb281-7d8f-44e5-8dbc-943a851477d6",
      "lastUsed": 1764952474806
    },
    {
      "installationId": "6024b94f-8fe6-463a-83c3-83a03ff879ce",
      "lastUsed": 1764939204851
    },
    {
      "installationId": "44fcf4a5-e0e5-495e-8c94-5e0a576a9b4c",
      "lastUsed": 1764926206335
    },
    {
      "installationId": "b9a9d20c-b191-4914-9e8d-2cb3a6cb9a1e",
      "lastUsed": 1764925316089
    },
    {
      "installationId": "684f7439-00b2-4c15-9f0a-abb7c2756f27",
      "lastUsed": 1764917682193
    },
    {
      "installationId": "65f590c2-bcee-4f9a-9364-fb241c9ebfa4",
      "lastUsed": 1764917215037
    },
    {
      "installationId": "cb9e6a9a-8e1a-456a-aa59-9e3e981f15ca",
      "lastUsed": 1764915098499
    },
    {
      "installationId": "25f1d703-9100-4b7f-9e25-4948c66b6070",
      "lastUsed": 1764914945816
    }
  ]
}
